{"cameraMode":{"drawMode":0,"name":"Shaded","section":"Shading Mode"},"sceneLighting":true,"audioPlay":false,"sceneViewState":{"showFog":true,"showMaterialUpdate":false,"showSkybox":false,"showFlares":true,"showImageEffects":true,"showParticleSystems":true},"in2DMode":false,"pivot":{"x":14.925390243530274,"y":0.839357852935791,"z":4.6005539894104},"rotation":{"x":0.0057222070172429089,"y":0.6805163621902466,"z":-0.005314822308719158,"w":0.7326913475990295},"size":80.79707336425781,"orthographic":false}