{"cameraMode":{"drawMode":0,"name":"Shaded","section":"Shading Mode"},"sceneLighting":true,"audioPlay":false,"sceneViewState":{"showFog":true,"showMaterialUpdate":false,"showSkybox":true,"showFlares":true,"showImageEffects":true,"showParticleSystems":true},"in2DMode":false,"pivot":{"x":115.91377258300781,"y":75.03736877441406,"z":-358.5038146972656},"rotation":{"x":-0.21690428256988526,"y":0.02049369178712368,"z":0.004554706159979105,"w":0.9759700298309326},"size":-8.835494041442871,"orthographic":false}