{"cameraMode":{"drawMode":0,"name":"Shaded","section":"Shading Mode"},"sceneLighting":true,"audioPlay":false,"sceneViewState":{"showFog":true,"showMaterialUpdate":false,"showSkybox":true,"showFlares":true,"showImageEffects":true,"showParticleSystems":true},"in2DMode":false,"pivot":{"x":239.1176300048828,"y":198.79541015625,"z":-355.91143798828127},"rotation":{"x":-0.11343760043382645,"y":0.011917480267584324,"z":0.0013608740409836174,"w":0.9934749603271484},"size":118.10308074951172,"orthographic":false}