{"cameraMode":{"drawMode":0,"name":"Shaded","section":"Shading Mode"},"sceneLighting":true,"audioPlay":false,"sceneViewState":{"showFog":true,"showMaterialUpdate":false,"showSkybox":true,"showFlares":true,"showImageEffects":true,"showParticleSystems":true},"in2DMode":false,"pivot":{"x":-64.77885437011719,"y":-130.16700744628907,"z":143.51089477539063},"rotation":{"x":0.3723491430282593,"y":-0.1294003576040268,"z":0.05250636488199234,"w":0.9175315499305725},"size":193.06568908691407,"orthographic":false}