{"cameraMode":{"drawMode":0,"name":"Shaded","section":"Shading Mode"},"sceneLighting":true,"audioPlay":false,"sceneViewState":{"showFog":true,"showMaterialUpdate":false,"showSkybox":true,"showFlares":true,"showImageEffects":true,"showParticleSystems":true},"in2DMode":false,"pivot":{"x":-18.25627899169922,"y":-39.83131790161133,"z":198.20196533203126},"rotation":{"x":0.11522547900676727,"y":0.021747088059782983,"z":-0.002529881661757827,"w":0.9931029081344605},"size":193.06568908691407,"orthographic":false}